,ano,id_municipio,municipio,total_roubos,total_furtos,pol_civis_mortos_serv,pol_militares_mortos_serv,lat_long,populacao
0,2014,3300100,angra dos reis,201.69,690.49,0.0,0.0,"-23.0091159353,-44.3196272623",210171
1,2015,3300100,angra dos reis,192.8,599.12,0.0,0.0,"-23.0091159353,-44.3196272623",210171
2,2016,3300100,angra dos reis,339.94,516.44,0.0,0.0,"-23.0091159353,-44.3196272623",210171
3,2017,3300100,angra dos reis,344.26,355.05,0.0,0.0,"-23.0091159353,-44.3196272623",210171
4,2018,3300100,angra dos reis,363.26,356.77,0.0,2.22,"-23.0091159353,-44.3196272623",210171
5,2019,3300100,angra dos reis,292.47,292.96,0.0,0.0,"-23.0091159353,-44.3196272623",210171
6,2020,3300100,angra dos reis,117.37,221.21,0.0,0.0,"-23.0091159353,-44.3196272623",210171
7,2014,3300209,araruama,281.11,1079.8,0.0,0.0,"-22.8774383874,-42.3410960232",136109
8,2015,3300209,araruama,267.77,1048.31,0.0,0.0,"-22.8774383874,-42.3410960232",136109
9,2016,3300209,araruama,452.22,954.06,0.0,0.0,"-22.8774383874,-42.3410960232",136109
10,2017,3300209,araruama,548.36,810.31,0.0,0.0,"-22.8774383874,-42.3410960232",136109
11,2018,3300209,araruama,420.89,913.84,0.0,0.0,"-22.8774383874,-42.3410960232",136109
12,2019,3300209,araruama,391.99,962.99,0.0,0.0,"-22.8774383874,-42.3410960232",136109
13,2020,3300209,araruama,221.9,714.85,0.0,0.0,"-22.8774383874,-42.3410960232",136109
14,2014,3300308,barra do pirai,46.6,409.04,0.0,0.0,"-22.4695962921,-43.8284524538",101139
15,2015,3300308,barra do pirai,36.13,381.97,0.0,0.0,"-22.4695962921,-43.8284524538",101139
16,2016,3300308,barra do pirai,58.67,377.76,0.0,0.0,"-22.4695962921,-43.8284524538",101139
17,2017,3300308,barra do pirai,63.62,342.7,0.0,0.0,"-22.4695962921,-43.8284524538",101139
18,2018,3300308,barra do pirai,65.02,357.11,0.0,2.22,"-22.4695962921,-43.8284524538",101139
19,2019,3300308,barra do pirai,68.74,350.69,0.0,0.0,"-22.4695962921,-43.8284524538",101139
20,2020,3300308,barra do pirai,42.67,234.21,0.0,0.0,"-22.4695962921,-43.8284524538",101139
21,2014,3300407,barra mansa,113.52,642.75,0.0,0.0,"-22.5453011339,-44.1724313737",185237
22,2015,3300407,barra mansa,145.07,603.62,0.0,0.0,"-22.5453011339,-44.1724313737",185237
23,2016,3300407,barra mansa,204.3,641.77,0.0,0.0,"-22.5453011339,-44.1724313737",185237
24,2017,3300407,barra mansa,146.56,426.86,0.0,0.0,"-22.5453011339,-44.1724313737",185237
25,2018,3300407,barra mansa,126.65,460.93,0.0,0.0,"-22.5453011339,-44.1724313737",185237
26,2019,3300407,barra mansa,144.78,405.07,0.0,0.0,"-22.5453011339,-44.1724313737",185237
27,2020,3300407,barra mansa,88.19,269.97,0.0,0.0,"-22.5453011339,-44.1724313737",185237
28,2014,3300456,belford roxo,826.06,341.06,0.0,0.0,"-22.7645559675,-43.3996249708",515239
29,2015,3300456,belford roxo,648.89,359.36,0.0,0.0,"-22.7645559675,-43.3996249708",515239
30,2016,3300456,belford roxo,1029.26,310.64,0.0,6.51,"-22.7645559675,-43.3996249708",515239
31,2017,3300456,belford roxo,1181.16,243.25,0.0,2.15,"-22.7645559675,-43.3996249708",515239
32,2018,3300456,belford roxo,1503.1,232.59,0.0,2.22,"-22.7645559675,-43.3996249708",515239
33,2019,3300456,belford roxo,1343.3,250.34,0.0,0.0,"-22.7645559675,-43.3996249708",515239
34,2020,3300456,belford roxo,964.11,215.35,0.0,2.26,"-22.7645559675,-43.3996249708",515239
35,2014,3300704,cabo frio,454.31,1308.16,0.0,0.0,"-22.8807646671,-42.0200748019",234077
36,2015,3300704,cabo frio,343.49,1098.58,0.0,0.0,"-22.8807646671,-42.0200748019",234077
37,2016,3300704,cabo frio,448.45,849.31,0.0,0.0,"-22.8807646671,-42.0200748019",234077
38,2017,3300704,cabo frio,485.58,798.5,0.0,0.0,"-22.8807646671,-42.0200748019",234077
39,2018,3300704,cabo frio,431.41,648.01,0.0,0.0,"-22.8807646671,-42.0200748019",234077
40,2019,3300704,cabo frio,455.58,829.93,0.0,0.0,"-22.8807646671,-42.0200748019",234077
41,2020,3300704,cabo frio,272.6,671.51,0.0,0.0,"-22.8807646671,-42.0200748019",234077
42,2014,3300803,cachoeiras de macacu,132.22,562.83,0.0,0.0,"-22.4675708722,-42.6631643573",59652
43,2015,3300803,cachoeiras de macacu,85.27,607.57,0.0,0.0,"-22.4675708722,-42.6631643573",59652
44,2016,3300803,cachoeiras de macacu,272.07,666.04,0.0,0.0,"-22.4675708722,-42.6631643573",59652
45,2017,3300803,cachoeiras de macacu,182.3,583.72,0.0,0.0,"-22.4675708722,-42.6631643573",59652
46,2018,3300803,cachoeiras de macacu,350.07,452.53,0.0,0.0,"-22.4675708722,-42.6631643573",59652
47,2019,3300803,cachoeiras de macacu,271.48,446.24,0.0,0.0,"-22.4675708722,-42.6631643573",59652
48,2020,3300803,cachoeiras de macacu,131.53,296.78,0.0,0.0,"-22.4675708722,-42.6631643573",59652
49,2014,3301009,campos dos goytacazes,386.77,787.06,0.0,0.0,"-21.7518986321,-41.3304764919",514643
50,2015,3301009,campos dos goytacazes,289.69,737.24,0.0,0.0,"-21.7518986321,-41.3304764919",514643
51,2016,3301009,campos dos goytacazes,464.71,653.34,0.0,2.17,"-21.7518986321,-41.3304764919",514643
52,2017,3301009,campos dos goytacazes,422.0,583.13,0.0,0.0,"-21.7518986321,-41.3304764919",514643
53,2018,3301009,campos dos goytacazes,471.17,641.41,0.0,0.0,"-21.7518986321,-41.3304764919",514643
54,2019,3301009,campos dos goytacazes,317.21,618.27,0.0,2.26,"-21.7518986321,-41.3304764919",514643
55,2020,3301009,campos dos goytacazes,180.96,401.82,0.0,0.0,"-21.7518986321,-41.3304764919",514643
56,2014,3301702,duque de caxias,1554.87,814.55,0.0,0.0,"-22.7852532497,-43.3098880717",929449
57,2015,3301702,duque de caxias,1142.82,904.92,0.0,4.14,"-22.7852532497,-43.3098880717",929449
58,2016,3301702,duque de caxias,1779.08,657.45,0.0,0.0,"-22.7852532497,-43.3098880717",929449
59,2017,3301702,duque de caxias,1899.33,525.03,0.0,4.29,"-22.7852532497,-43.3098880717",929449
60,2018,3301702,duque de caxias,2001.57,549.22,0.0,2.22,"-22.7852532497,-43.3098880717",929449
61,2019,3301702,duque de caxias,1729.78,642.13,0.0,2.26,"-22.7852532497,-43.3098880717",929449
62,2020,3301702,duque de caxias,1158.52,399.3,0.0,2.26,"-22.7852532497,-43.3098880717",929449
63,2014,3301850,guapimirim,318.2,571.68,0.0,0.0,"-22.5195957941,-42.9783297043",62225
64,2015,3301850,guapimirim,337.96,541.45,0.0,0.0,"-22.5195957941,-42.9783297043",62225
65,2016,3301850,guapimirim,663.69,607.65,0.0,0.0,"-22.5195957941,-42.9783297043",62225
66,2017,3301850,guapimirim,618.08,550.75,0.0,0.0,"-22.5195957941,-42.9783297043",62225
67,2018,3301850,guapimirim,538.47,531.76,0.0,0.0,"-22.5195957941,-42.9783297043",62225
68,2019,3301850,guapimirim,426.33,563.48,0.0,0.0,"-22.5195957941,-42.9783297043",62225
69,2020,3301850,guapimirim,273.67,337.2,0.0,0.0,"-22.5195957941,-42.9783297043",62225
70,2014,3301900,itaborai,721.05,811.73,0.0,0.0,"-22.7458630174,-42.8603434262",244416
71,2015,3301900,itaborai,559.81,796.05,0.0,0.0,"-22.7458630174,-42.8603434262",244416
72,2016,3301900,itaborai,1229.71,650.82,0.0,0.0,"-22.7458630174,-42.8603434262",244416
73,2017,3301900,itaborai,1267.67,508.19,0.0,0.0,"-22.7458630174,-42.8603434262",244416
74,2018,3301900,itaborai,1659.02,422.72,0.0,0.0,"-22.7458630174,-42.8603434262",244416
75,2019,3301900,itaborai,1140.52,480.48,0.0,0.0,"-22.7458630174,-42.8603434262",244416
76,2020,3301900,itaborai,572.68,327.78,0.0,0.0,"-22.7458630174,-42.8603434262",244416
77,2014,3302007,itaguai,788.93,1126.31,0.0,0.0,"-22.8712507684,-43.7750406349",136547
78,2015,3302007,itaguai,1189.33,1180.93,0.0,0.0,"-22.8712507684,-43.7750406349",136547
79,2016,3302007,itaguai,1313.14,923.42,0.0,0.0,"-22.8712507684,-43.7750406349",136547
80,2017,3302007,itaguai,1308.34,554.06,0.0,0.0,"-22.8712507684,-43.7750406349",136547
81,2018,3302007,itaguai,988.78,515.44,0.0,2.22,"-22.8712507684,-43.7750406349",136547
82,2019,3302007,itaguai,879.57,597.66,0.0,2.26,"-22.8712507684,-43.7750406349",136547
83,2020,3302007,itaguai,339.71,478.42,0.0,0.0,"-22.8712507684,-43.7750406349",136547
84,2014,3302205,itaperuna,43.65,600.89,0.0,0.0,"-21.2105910848,-41.8862031767",104354
85,2015,3302205,itaperuna,16.16,605.93,0.0,0.0,"-21.2105910848,-41.8862031767",104354
86,2016,3302205,itaperuna,65.32,641.18,0.0,0.0,"-21.2105910848,-41.8862031767",104354
87,2017,3302205,itaperuna,64.0,478.01,0.0,2.15,"-21.2105910848,-41.8862031767",104354
88,2018,3302205,itaperuna,66.26,484.28,0.0,0.0,"-21.2105910848,-41.8862031767",104354
89,2019,3302205,itaperuna,70.72,481.48,0.0,0.0,"-21.2105910848,-41.8862031767",104354
90,2020,3302205,itaperuna,37.57,289.02,0.0,0.0,"-21.2105910848,-41.8862031767",104354
91,2014,3302270,japeri,253.17,372.2,0.0,0.0,"-22.6448185711,-43.653785801",106296
92,2015,3302270,japeri,394.54,313.43,0.0,0.0,"-22.6448185711,-43.653785801",106296
93,2016,3302270,japeri,815.42,267.5,0.0,0.0,"-22.6448185711,-43.653785801",106296
94,2017,3302270,japeri,635.14,257.81,0.0,2.15,"-22.6448185711,-43.653785801",106296
95,2018,3302270,japeri,552.14,279.92,0.0,2.22,"-22.6448185711,-43.653785801",106296
96,2019,3302270,japeri,589.87,312.12,0.0,0.0,"-22.6448185711,-43.653785801",106296
97,2020,3302270,japeri,297.49,235.91,0.0,0.0,"-22.6448185711,-43.653785801",106296
98,2014,3302403,macae,755.58,978.99,0.0,0.0,"-22.3687049744,-41.7750642855",266136
99,2015,3302403,macae,590.72,961.52,0.0,0.0,"-22.3687049744,-41.7750642855",266136
100,2016,3302403,macae,815.55,838.1,0.0,0.0,"-22.3687049744,-41.7750642855",266136
101,2017,3302403,macae,567.3,668.06,20.02,0.0,"-22.3687049744,-41.7750642855",266136
102,2018,3302403,macae,629.89,593.33,0.0,2.22,"-22.3687049744,-41.7750642855",266136
103,2019,3302403,macae,529.08,642.06,0.0,0.0,"-22.3687049744,-41.7750642855",266136
104,2020,3302403,macae,266.92,372.47,0.0,0.0,"-22.3687049744,-41.7750642855",266136
105,2014,3302502,mage,474.67,595.8,0.0,0.0,"-22.6543487574,-43.0402461327",247741
106,2015,3302502,mage,405.86,713.35,0.0,0.0,"-22.6543487574,-43.0402461327",247741
107,2016,3302502,mage,816.69,644.89,0.0,0.0,"-22.6543487574,-43.0402461327",247741
108,2017,3302502,mage,930.0,521.44,0.0,2.15,"-22.6543487574,-43.0402461327",247741
109,2018,3302502,mage,752.29,498.24,0.0,0.0,"-22.6543487574,-43.0402461327",247741
110,2019,3302502,mage,544.33,503.53,0.0,0.0,"-22.6543487574,-43.0402461327",247741
111,2020,3302502,mage,351.82,335.99,0.0,0.0,"-22.6543487574,-43.0402461327",247741
112,2014,3302700,marica,497.52,935.64,0.0,0.0,"-22.9169553374,-42.8198241148",167668
113,2015,3302700,marica,469.47,1046.07,0.0,0.0,"-22.9169553374,-42.8198241148",167668
114,2016,3302700,marica,657.88,1075.56,0.0,2.17,"-22.9169553374,-42.8198241148",167668
115,2017,3302700,marica,777.74,878.39,0.0,0.0,"-22.9169553374,-42.8198241148",167668
116,2018,3302700,marica,705.37,714.88,0.0,0.0,"-22.9169553374,-42.8198241148",167668
117,2019,3302700,marica,530.37,738.8,0.0,0.0,"-22.9169553374,-42.8198241148",167668
118,2020,3302700,marica,373.24,643.15,0.0,0.0,"-22.9169553374,-42.8198241148",167668
119,2014,3302858,mesquita,1501.7,688.67,0.0,0.0,"-22.7680879226,-43.4292237631",177016
120,2015,3302858,mesquita,1020.2,1199.99,0.0,0.0,"-22.7680879226,-43.4292237631",177016
121,2016,3302858,mesquita,1958.84,976.49,0.0,0.0,"-22.7680879226,-43.4292237631",177016
122,2017,3302858,mesquita,1962.87,648.06,0.0,0.0,"-22.7680879226,-43.4292237631",177016
123,2018,3302858,mesquita,1639.9,660.52,0.0,0.0,"-22.7680879226,-43.4292237631",177016
124,2019,3302858,mesquita,1687.08,495.73,0.0,0.0,"-22.7680879226,-43.4292237631",177016
125,2020,3302858,mesquita,1142.9,342.08,0.0,0.0,"-22.7680879226,-43.4292237631",177016
126,2014,3303203,nilopolis,1972.22,981.69,0.0,0.0,"-22.8075142239,-43.4166099809",162893
127,2015,3303203,nilopolis,1723.84,1228.61,0.0,0.0,"-22.8075142239,-43.4166099809",162893
128,2016,3303203,nilopolis,2885.31,891.24,0.0,0.0,"-22.8075142239,-43.4166099809",162893
129,2017,3303203,nilopolis,2789.13,653.07,0.0,0.0,"-22.8075142239,-43.4166099809",162893
130,2018,3303203,nilopolis,2286.94,713.01,0.0,0.0,"-22.8075142239,-43.4166099809",162893
131,2019,3303203,nilopolis,2045.73,616.06,0.0,0.0,"-22.8075142239,-43.4166099809",162893
132,2020,3303203,nilopolis,1323.97,534.13,0.0,0.0,"-22.8075142239,-43.4166099809",162893
133,2014,3303302,niteroi,1298.16,1583.55,0.0,0.0,"-22.8964523851,-43.0758231673",516981
134,2015,3303302,niteroi,1171.94,1388.17,0.0,4.14,"-22.8964523851,-43.0758231673",516981
135,2016,3303302,niteroi,1551.97,1362.97,0.0,4.34,"-22.8964523851,-43.0758231673",516981
136,2017,3303302,niteroi,1660.23,1144.02,0.0,0.0,"-22.8964523851,-43.0758231673",516981
137,2018,3303302,niteroi,1727.28,1205.78,0.0,0.0,"-22.8964523851,-43.0758231673",516981
138,2019,3303302,niteroi,1122.31,1226.28,0.0,2.26,"-22.8964523851,-43.0758231673",516981
139,2020,3303302,niteroi,580.03,900.22,0.0,0.0,"-22.8964523851,-43.0758231673",516981
140,2014,3303401,nova friburgo,88.37,687.41,0.0,0.0,"-22.2864614592,-42.532771263",191664
141,2015,3303401,nova friburgo,80.09,721.37,0.0,0.0,"-22.2864614592,-42.532771263",191664
142,2016,3303401,nova friburgo,90.76,562.93,0.0,2.17,"-22.2864614592,-42.532771263",191664
143,2017,3303401,nova friburgo,101.95,612.79,0.0,0.0,"-22.2864614592,-42.532771263",191664
144,2018,3303401,nova friburgo,108.37,621.83,0.0,0.0,"-22.2864614592,-42.532771263",191664
145,2019,3303401,nova friburgo,100.19,513.56,0.0,0.0,"-22.2864614592,-42.532771263",191664
146,2020,3303401,nova friburgo,38.71,171.06,0.0,0.0,"-22.2864614592,-42.532771263",191664
147,2014,3303500,nova iguacu,1279.87,703.94,0.0,0.0,"-22.7598348263,-43.4503453299",825388
148,2015,3303500,nova iguacu,1133.51,882.11,0.0,0.0,"-22.7598348263,-43.4503453299",825388
149,2016,3303500,nova iguacu,1837.52,731.85,0.0,2.17,"-22.7598348263,-43.4503453299",825388
150,2017,3303500,nova iguacu,1771.62,538.03,0.0,4.29,"-22.7598348263,-43.4503453299",825388
151,2018,3303500,nova iguacu,1494.12,541.35,0.0,0.0,"-22.7598348263,-43.4503453299",825388
152,2019,3303500,nova iguacu,1376.64,539.5,0.0,0.0,"-22.7598348263,-43.4503453299",825388
153,2020,3303500,nova iguacu,822.18,355.88,0.0,0.0,"-22.7598348263,-43.4503453299",825388
154,2014,3303609,paracambi,175.08,376.63,0.0,0.0,"-22.6097271621,-43.709384563",53093
155,2015,3303609,paracambi,272.61,389.73,0.0,0.0,"-22.6097271621,-43.709384563",53093
156,2016,3303609,paracambi,361.49,449.36,0.0,0.0,"-22.6097271621,-43.709384563",53093
157,2017,3303609,paracambi,386.54,342.93,0.0,0.0,"-22.6097271621,-43.709384563",53093
158,2018,3303609,paracambi,474.77,507.58,0.0,0.0,"-22.6097271621,-43.709384563",53093
159,2019,3303609,paracambi,277.47,480.32,0.0,0.0,"-22.6097271621,-43.709384563",53093
160,2020,3303609,paracambi,127.18,241.06,0.0,0.0,"-22.6097271621,-43.709384563",53093
161,2014,3303906,petropolis,52.35,663.72,0.0,0.0,"-22.510598612,-43.1773365767",307144
162,2015,3303906,petropolis,78.49,721.13,0.0,0.0,"-22.510598612,-43.1773365767",307144
163,2016,3303906,petropolis,106.99,695.27,0.0,0.0,"-22.510598612,-43.1773365767",307144
164,2017,3303906,petropolis,130.1,667.26,0.0,0.0,"-22.510598612,-43.1773365767",307144
165,2018,3303906,petropolis,127.25,711.18,0.0,0.0,"-22.510598612,-43.1773365767",307144
166,2019,3303906,petropolis,106.8,605.18,0.0,0.0,"-22.510598612,-43.1773365767",307144
167,2020,3303906,petropolis,56.74,390.31,0.0,0.0,"-22.510598612,-43.1773365767",307144
168,2014,3304144,queimados,678.3,700.03,0.0,0.0,"-22.7174304901,-43.5556695471",152311
169,2015,3304144,queimados,682.3,702.49,0.0,0.0,"-22.7174304901,-43.5556695471",152311
170,2016,3304144,queimados,1240.62,689.85,0.0,0.0,"-22.7174304901,-43.5556695471",152311
171,2017,3304144,queimados,1050.31,492.48,0.0,2.15,"-22.7174304901,-43.5556695471",152311
172,2018,3304144,queimados,885.67,476.33,0.0,2.22,"-22.7174304901,-43.5556695471",152311
173,2019,3304144,queimados,900.75,417.11,0.0,2.26,"-22.7174304901,-43.5556695471",152311
174,2020,3304144,queimados,463.21,300.0,0.0,0.0,"-22.7174304901,-43.5556695471",152311
175,2014,3304201,resende,111.01,1098.01,0.0,0.0,"-22.4711835861,-44.4436134229",133244
176,2015,3304201,resende,83.86,941.59,0.0,0.0,"-22.4711835861,-44.4436134229",133244
177,2016,3304201,resende,216.52,819.3,0.0,2.17,"-22.4711835861,-44.4436134229",133244
178,2017,3304201,resende,293.88,762.67,0.0,0.0,"-22.4711835861,-44.4436134229",133244
179,2018,3304201,resende,280.05,652.94,0.0,0.0,"-22.4711835861,-44.4436134229",133244
180,2019,3304201,resende,181.21,613.67,0.0,0.0,"-22.4711835861,-44.4436134229",133244
181,2020,3304201,resende,106.57,420.22,0.0,0.0,"-22.4711835861,-44.4436134229",133244
182,2014,3304300,rio bonito,295.02,624.96,0.0,0.0,"-22.7112715026,-42.6259978412",60930
183,2015,3304300,rio bonito,210.01,730.71,0.0,2.07,"-22.7112715026,-42.6259978412",60930
184,2016,3304300,rio bonito,343.32,638.34,0.0,0.0,"-22.7112715026,-42.6259978412",60930
185,2017,3304300,rio bonito,430.74,549.15,0.0,0.0,"-22.7112715026,-42.6259978412",60930
186,2018,3304300,rio bonito,464.77,459.76,0.0,0.0,"-22.7112715026,-42.6259978412",60930
187,2019,3304300,rio bonito,307.3,571.42,0.0,0.0,"-22.7112715026,-42.6259978412",60930
188,2020,3304300,rio bonito,141.98,354.94,0.0,0.0,"-22.7112715026,-42.6259978412",60930
189,2014,3304524,rio das ostras,673.9,1424.07,0.0,0.0,"-22.5239411858,-41.9369671272",159529
190,2015,3304524,rio das ostras,560.71,1362.37,0.0,0.0,"-22.5239411858,-41.9369671272",159529
191,2016,3304524,rio das ostras,800.73,1123.51,0.0,0.0,"-22.5239411858,-41.9369671272",159529
192,2017,3304524,rio das ostras,650.52,945.31,0.0,0.0,"-22.5239411858,-41.9369671272",159529
193,2018,3304524,rio das ostras,779.51,886.37,0.0,0.0,"-22.5239411858,-41.9369671272",159529
194,2019,3304524,rio das ostras,561.48,1020.75,0.0,0.0,"-22.5239411858,-41.9369671272",159529
195,2020,3304524,rio das ostras,447.19,779.67,0.0,0.0,"-22.5239411858,-41.9369671272",159529
196,2014,3304557,rio de janeiro,1227.27,1619.11,0.0,0.0,"-22.8766521182,-43.227875125",6775561
197,2015,3304557,rio de janeiro,1260.18,1513.94,19.52,31.04,"-22.8766521182,-43.227875125",6775561
198,2016,3304557,rio de janeiro,1585.11,1500.51,20.04,45.57,"-22.8766521182,-43.227875125",6775561
199,2017,3304557,rio de janeiro,1888.36,1324.09,10.01,38.62,"-22.8766521182,-43.227875125",6775561
200,2018,3304557,rio de janeiro,1810.62,1233.23,42.31,33.36,"-22.8766521182,-43.227875125",6775561
201,2019,3304557,rio de janeiro,1549.94,1355.4,0.0,22.6,"-22.8766521182,-43.227875125",6775561
202,2020,3304557,rio de janeiro,970.34,1000.49,33.5,13.58,"-22.8766521182,-43.227875125",6775561
203,2014,3304904,sao goncalo,1510.99,671.67,0.0,0.0,"-22.829547313,-43.032335062",1098357
204,2015,3304904,sao goncalo,1214.36,792.62,0.0,6.21,"-22.829547313,-43.032335062",1098357
205,2016,3304904,sao goncalo,1994.81,641.34,0.0,4.34,"-22.829547313,-43.032335062",1098357
206,2017,3304904,sao goncalo,2003.86,511.89,0.0,6.44,"-22.829547313,-43.032335062",1098357
207,2018,3304904,sao goncalo,2194.24,542.74,0.0,4.45,"-22.829547313,-43.032335062",1098357
208,2019,3304904,sao goncalo,1868.48,587.64,0.0,4.52,"-22.829547313,-43.032335062",1098357
209,2020,3304904,sao goncalo,956.09,392.4,0.0,2.26,"-22.829547313,-43.032335062",1098357
210,2014,3305109,sao joao de meriti,1560.85,631.2,0.0,0.0,"-22.8023308086,-43.371884603",473385
211,2015,3305109,sao joao de meriti,1424.8,702.96,0.0,0.0,"-22.8023308086,-43.371884603",473385
212,2016,3305109,sao joao de meriti,2206.54,519.17,0.0,2.17,"-22.8023308086,-43.371884603",473385
213,2017,3305109,sao joao de meriti,2144.59,373.54,0.0,0.0,"-22.8023308086,-43.371884603",473385
214,2018,3305109,sao joao de meriti,1939.23,409.21,0.0,2.22,"-22.8023308086,-43.371884603",473385
215,2019,3305109,sao joao de meriti,1892.65,434.8,0.0,0.0,"-22.8023308086,-43.371884603",473385
216,2020,3305109,sao joao de meriti,1536.46,337.7,0.0,2.26,"-22.8023308086,-43.371884603",473385
217,2014,3305208,sao pedro da aldeia,291.66,685.08,0.0,0.0,"-22.8372031948,-42.1035286702",107556
218,2015,3305208,sao pedro da aldeia,200.17,604.62,0.0,0.0,"-22.8372031948,-42.1035286702",107556
219,2016,3305208,sao pedro da aldeia,324.97,570.73,0.0,0.0,"-22.8372031948,-42.1035286702",107556
220,2017,3305208,sao pedro da aldeia,344.32,475.45,0.0,0.0,"-22.8372031948,-42.1035286702",107556
221,2018,3305208,sao pedro da aldeia,425.88,532.84,0.0,0.0,"-22.8372031948,-42.1035286702",107556
222,2019,3305208,sao pedro da aldeia,421.15,443.16,0.0,0.0,"-22.8372031948,-42.1035286702",107556
223,2020,3305208,sao pedro da aldeia,216.88,377.18,0.0,0.0,"-22.8372031948,-42.1035286702",107556
224,2014,3305505,saquarema,226.16,1107.33,0.0,0.0,"-22.931127416,-42.49669405",91938
225,2015,3305505,saquarema,246.48,1066.06,0.0,0.0,"-22.931127416,-42.49669405",91938
226,2016,3305505,saquarema,273.43,983.88,0.0,0.0,"-22.931127416,-42.49669405",91938
227,2017,3305505,saquarema,352.22,959.2,0.0,0.0,"-22.931127416,-42.49669405",91938
228,2018,3305505,saquarema,370.56,940.66,0.0,0.0,"-22.931127416,-42.49669405",91938
229,2019,3305505,saquarema,306.16,1093.42,0.0,0.0,"-22.931127416,-42.49669405",91938
230,2020,3305505,saquarema,223.0,717.57,0.0,0.0,"-22.931127416,-42.49669405",91938
231,2014,3305554,seropedica,568.89,585.94,0.0,0.0,"-22.743011068,-43.7019252212",83841
232,2015,3305554,seropedica,574.24,484.97,0.0,0.0,"-22.743011068,-43.7019252212",83841
233,2016,3305554,seropedica,774.5,470.91,0.0,0.0,"-22.743011068,-43.7019252212",83841
234,2017,3305554,seropedica,736.83,383.81,0.0,0.0,"-22.743011068,-43.7019252212",83841
235,2018,3305554,seropedica,877.3,516.47,0.0,0.0,"-22.743011068,-43.7019252212",83841
236,2019,3305554,seropedica,844.35,527.26,0.0,0.0,"-22.743011068,-43.7019252212",83841
237,2020,3305554,seropedica,448.9,426.03,0.0,0.0,"-22.743011068,-43.7019252212",83841
238,2014,3305802,teresopolis,69.98,692.78,0.0,0.0,"-22.4090049456,-42.9629567139",185820
239,2015,3305802,teresopolis,57.78,733.85,0.0,0.0,"-22.4090049456,-42.9629567139",185820
240,2016,3305802,teresopolis,117.99,738.31,0.0,0.0,"-22.4090049456,-42.9629567139",185820
241,2017,3305802,teresopolis,94.29,676.47,0.0,2.15,"-22.4090049456,-42.9629567139",185820
242,2018,3305802,teresopolis,66.34,752.41,0.0,0.0,"-22.4090049456,-42.9629567139",185820
243,2019,3305802,teresopolis,58.05,636.93,0.0,0.0,"-22.4090049456,-42.9629567139",185820
244,2020,3305802,teresopolis,28.22,362.57,0.0,0.0,"-22.4090049456,-42.9629567139",185820
245,2014,3306008,tres rios,62.03,877.24,0.0,0.0,"-22.117448001,-43.2116094443",82468
246,2015,3306008,tres rios,60.56,890.69,0.0,0.0,"-22.117448001,-43.2116094443",82468
247,2016,3306008,tres rios,146.41,889.81,0.0,0.0,"-22.117448001,-43.2116094443",82468
248,2017,3306008,tres rios,133.5,824.92,0.0,0.0,"-22.117448001,-43.2116094443",82468
249,2018,3306008,tres rios,110.49,880.26,0.0,0.0,"-22.117448001,-43.2116094443",82468
250,2019,3306008,tres rios,107.57,722.46,0.0,0.0,"-22.117448001,-43.2116094443",82468
251,2020,3306008,tres rios,77.91,422.44,0.0,2.26,"-22.117448001,-43.2116094443",82468
252,2014,3306107,valenca,42.21,368.98,0.0,0.0,"-22.2447194312,-43.7048436783",77202
253,2015,3306107,valenca,23.06,329.6,0.0,0.0,"-22.2447194312,-43.7048436783",77202
254,2016,3306107,valenca,48.65,347.31,0.0,0.0,"-22.2447194312,-43.7048436783",77202
255,2017,3306107,valenca,51.19,393.33,0.0,0.0,"-22.2447194312,-43.7048436783",77202
256,2018,3306107,valenca,27.57,375.51,0.0,0.0,"-22.2447194312,-43.7048436783",77202
257,2019,3306107,valenca,16.99,355.45,0.0,6.78,"-22.2447194312,-43.7048436783",77202
258,2020,3306107,valenca,24.72,210.75,0.0,0.0,"-22.2447194312,-43.7048436783",77202
259,2014,3306305,volta redonda,167.77,804.55,0.0,0.0,"-22.5099676008,-44.0935218847",274925
260,2015,3306305,volta redonda,92.03,876.91,0.0,0.0,"-22.5099676008,-44.0935218847",274925
261,2016,3306305,volta redonda,216.95,754.76,0.0,0.0,"-22.5099676008,-44.0935218847",274925
262,2017,3306305,volta redonda,224.74,536.95,0.0,0.0,"-22.5099676008,-44.0935218847",274925
263,2018,3306305,volta redonda,211.03,545.59,0.0,0.0,"-22.5099676008,-44.0935218847",274925
264,2019,3306305,volta redonda,227.46,621.22,0.0,2.26,"-22.5099676008,-44.0935218847",274925
265,2020,3306305,volta redonda,145.63,470.09,0.0,2.26,"-22.5099676008,-44.0935218847",274925
266,2014,3300159,aperibe,,,,,"-21.6194217698,-42.1049166541",12036
267,2015,3300159,aperibe,,,,,"-21.6194217698,-42.1049166541",12036
268,2016,3300159,aperibe,,,,,"-21.6194217698,-42.1049166541",12036
269,2017,3300159,aperibe,,,,,"-21.6194217698,-42.1049166541",12036
270,2018,3300159,aperibe,,,,,"-21.6194217698,-42.1049166541",12036
271,2019,3300159,aperibe,,,,,"-21.6194217698,-42.1049166541",12036
272,2020,3300159,aperibe,,,,,"-21.6194217698,-42.1049166541",12036
273,2014,3300225,areal,,,,,"-22.2369120036,-43.1010698052",12763
274,2015,3300225,areal,,,,,"-22.2369120036,-43.1010698052",12763
275,2016,3300225,areal,,,,,"-22.2369120036,-43.1010698052",12763
276,2017,3300225,areal,,,,,"-22.2369120036,-43.1010698052",12763
277,2018,3300225,areal,,,,,"-22.2369120036,-43.1010698052",12763
278,2019,3300225,areal,,,,,"-22.2369120036,-43.1010698052",12763
279,2020,3300225,areal,,,,,"-22.2369120036,-43.1010698052",12763
280,2014,3300233,armacao dos buzios,,,,,"-22.7577637929,-41.8877494681",35060
281,2015,3300233,armacao dos buzios,,,,,"-22.7577637929,-41.8877494681",35060
282,2016,3300233,armacao dos buzios,,,,,"-22.7577637929,-41.8877494681",35060
283,2017,3300233,armacao dos buzios,,,,,"-22.7577637929,-41.8877494681",35060
284,2018,3300233,armacao dos buzios,,,,,"-22.7577637929,-41.8877494681",35060
285,2019,3300233,armacao dos buzios,,,,,"-22.7577637929,-41.8877494681",35060
286,2020,3300233,armacao dos buzios,,,,,"-22.7577637929,-41.8877494681",35060
287,2014,3300258,arraial do cabo,,,,,"-22.9676382776,-42.0283359676",30827
288,2015,3300258,arraial do cabo,,,,,"-22.9676382776,-42.0283359676",30827
289,2016,3300258,arraial do cabo,,,,,"-22.9676382776,-42.0283359676",30827
290,2017,3300258,arraial do cabo,,,,,"-22.9676382776,-42.0283359676",30827
291,2018,3300258,arraial do cabo,,,,,"-22.9676382776,-42.0283359676",30827
292,2019,3300258,arraial do cabo,,,,,"-22.9676382776,-42.0283359676",30827
293,2020,3300258,arraial do cabo,,,,,"-22.9676382776,-42.0283359676",30827
294,2014,3300506,bom jardim,,,,,"-22.1533052283,-42.4172114823",27779
295,2015,3300506,bom jardim,,,,,"-22.1533052283,-42.4172114823",27779
296,2016,3300506,bom jardim,,,,,"-22.1533052283,-42.4172114823",27779
297,2017,3300506,bom jardim,,,,,"-22.1533052283,-42.4172114823",27779
298,2018,3300506,bom jardim,,,,,"-22.1533052283,-42.4172114823",27779
299,2019,3300506,bom jardim,,,,,"-22.1533052283,-42.4172114823",27779
300,2020,3300506,bom jardim,,,,,"-22.1533052283,-42.4172114823",27779
301,2014,3300605,bom jesus do itabapoana,,,,,"-21.1344974419,-41.677679795",37306
302,2015,3300605,bom jesus do itabapoana,,,,,"-21.1344974419,-41.677679795",37306
303,2016,3300605,bom jesus do itabapoana,,,,,"-21.1344974419,-41.677679795",37306
304,2017,3300605,bom jesus do itabapoana,,,,,"-21.1344974419,-41.677679795",37306
305,2018,3300605,bom jesus do itabapoana,,,,,"-21.1344974419,-41.677679795",37306
306,2019,3300605,bom jesus do itabapoana,,,,,"-21.1344974419,-41.677679795",37306
307,2020,3300605,bom jesus do itabapoana,,,,,"-21.1344974419,-41.677679795",37306
308,2014,3300902,cambuci,,,,,"-21.5772767097,-41.9086360047",15521
309,2015,3300902,cambuci,,,,,"-21.5772767097,-41.9086360047",15521
310,2016,3300902,cambuci,,,,,"-21.5772767097,-41.9086360047",15521
311,2017,3300902,cambuci,,,,,"-21.5772767097,-41.9086360047",15521
312,2018,3300902,cambuci,,,,,"-21.5772767097,-41.9086360047",15521
313,2019,3300902,cambuci,,,,,"-21.5772767097,-41.9086360047",15521
314,2020,3300902,cambuci,,,,,"-21.5772767097,-41.9086360047",15521
315,2014,3300936,carapebus,,,,,"-22.1825947274,-41.6640105959",16859
316,2015,3300936,carapebus,,,,,"-22.1825947274,-41.6640105959",16859
317,2016,3300936,carapebus,,,,,"-22.1825947274,-41.6640105959",16859
318,2017,3300936,carapebus,,,,,"-22.1825947274,-41.6640105959",16859
319,2018,3300936,carapebus,,,,,"-22.1825947274,-41.6640105959",16859
320,2019,3300936,carapebus,,,,,"-22.1825947274,-41.6640105959",16859
321,2020,3300936,carapebus,,,,,"-22.1825947274,-41.6640105959",16859
322,2014,3300951,comendador levy gasparian,,,,,"-22.0333589384,-43.2172237156",8590
323,2015,3300951,comendador levy gasparian,,,,,"-22.0333589384,-43.2172237156",8590
324,2016,3300951,comendador levy gasparian,,,,,"-22.0333589384,-43.2172237156",8590
325,2017,3300951,comendador levy gasparian,,,,,"-22.0333589384,-43.2172237156",8590
326,2018,3300951,comendador levy gasparian,,,,,"-22.0333589384,-43.2172237156",8590
327,2019,3300951,comendador levy gasparian,,,,,"-22.0333589384,-43.2172237156",8590
328,2020,3300951,comendador levy gasparian,,,,,"-22.0333589384,-43.2172237156",8590
329,2014,3301108,cantagalo,,,,,"-21.9818398588,-42.365977599",20163
330,2015,3301108,cantagalo,,,,,"-21.9818398588,-42.365977599",20163
331,2016,3301108,cantagalo,,,,,"-21.9818398588,-42.365977599",20163
332,2017,3301108,cantagalo,,,,,"-21.9818398588,-42.365977599",20163
333,2018,3301108,cantagalo,,,,,"-21.9818398588,-42.365977599",20163
334,2019,3301108,cantagalo,,,,,"-21.9818398588,-42.365977599",20163
335,2020,3301108,cantagalo,,,,,"-21.9818398588,-42.365977599",20163
336,2014,3301157,cardoso moreira,,,,,"-21.4961573567,-41.6132963462",12818
337,2015,3301157,cardoso moreira,,,,,"-21.4961573567,-41.6132963462",12818
338,2016,3301157,cardoso moreira,,,,,"-21.4961573567,-41.6132963462",12818
339,2017,3301157,cardoso moreira,,,,,"-21.4961573567,-41.6132963462",12818
340,2018,3301157,cardoso moreira,,,,,"-21.4961573567,-41.6132963462",12818
341,2019,3301157,cardoso moreira,,,,,"-21.4961573567,-41.6132963462",12818
342,2020,3301157,cardoso moreira,,,,,"-21.4961573567,-41.6132963462",12818
343,2014,3301207,carmo,,,,,"-21.9293117801,-42.6097176407",19161
344,2015,3301207,carmo,,,,,"-21.9293117801,-42.6097176407",19161
345,2016,3301207,carmo,,,,,"-21.9293117801,-42.6097176407",19161
346,2017,3301207,carmo,,,,,"-21.9293117801,-42.6097176407",19161
347,2018,3301207,carmo,,,,,"-21.9293117801,-42.6097176407",19161
348,2019,3301207,carmo,,,,,"-21.9293117801,-42.6097176407",19161
349,2020,3301207,carmo,,,,,"-21.9293117801,-42.6097176407",19161
350,2014,3301306,casimiro de abreu,,,,,"-22.4795365026,-42.2042105444",45864
351,2015,3301306,casimiro de abreu,,,,,"-22.4795365026,-42.2042105444",45864
352,2016,3301306,casimiro de abreu,,,,,"-22.4795365026,-42.2042105444",45864
353,2017,3301306,casimiro de abreu,,,,,"-22.4795365026,-42.2042105444",45864
354,2018,3301306,casimiro de abreu,,,,,"-22.4795365026,-42.2042105444",45864
355,2019,3301306,casimiro de abreu,,,,,"-22.4795365026,-42.2042105444",45864
356,2020,3301306,casimiro de abreu,,,,,"-22.4795365026,-42.2042105444",45864
357,2014,3301405,conceicao de macabu,,,,,"-22.0878715265,-41.8677585057",23561
358,2015,3301405,conceicao de macabu,,,,,"-22.0878715265,-41.8677585057",23561
359,2016,3301405,conceicao de macabu,,,,,"-22.0878715265,-41.8677585057",23561
360,2017,3301405,conceicao de macabu,,,,,"-22.0878715265,-41.8677585057",23561
361,2018,3301405,conceicao de macabu,,,,,"-22.0878715265,-41.8677585057",23561
362,2019,3301405,conceicao de macabu,,,,,"-22.0878715265,-41.8677585057",23561
363,2020,3301405,conceicao de macabu,,,,,"-22.0878715265,-41.8677585057",23561
364,2014,3301504,cordeiro,,,,,"-22.0277765631,-42.3630305379",22152
365,2015,3301504,cordeiro,,,,,"-22.0277765631,-42.3630305379",22152
366,2016,3301504,cordeiro,,,,,"-22.0277765631,-42.3630305379",22152
367,2017,3301504,cordeiro,,,,,"-22.0277765631,-42.3630305379",22152
368,2018,3301504,cordeiro,,,,,"-22.0277765631,-42.3630305379",22152
369,2019,3301504,cordeiro,,,,,"-22.0277765631,-42.3630305379",22152
370,2020,3301504,cordeiro,,,,,"-22.0277765631,-42.3630305379",22152
371,2014,3301603,duas barras,,,,,"-22.0589060899,-42.5150976315",11563
372,2015,3301603,duas barras,,,,,"-22.0589060899,-42.5150976315",11563
373,2016,3301603,duas barras,,,,,"-22.0589060899,-42.5150976315",11563
374,2017,3301603,duas barras,,,,,"-22.0589060899,-42.5150976315",11563
375,2018,3301603,duas barras,,,,,"-22.0589060899,-42.5150976315",11563
376,2019,3301603,duas barras,,,,,"-22.0589060899,-42.5150976315",11563
377,2020,3301603,duas barras,,,,,"-22.0589060899,-42.5150976315",11563
378,2014,3301801,engenheiro paulo de frontin,,,,,"-22.5436846647,-43.679476829",14138
379,2015,3301801,engenheiro paulo de frontin,,,,,"-22.5436846647,-43.679476829",14138
380,2016,3301801,engenheiro paulo de frontin,,,,,"-22.5436846647,-43.679476829",14138
381,2017,3301801,engenheiro paulo de frontin,,,,,"-22.5436846647,-43.679476829",14138
382,2018,3301801,engenheiro paulo de frontin,,,,,"-22.5436846647,-43.679476829",14138
383,2019,3301801,engenheiro paulo de frontin,,,,,"-22.5436846647,-43.679476829",14138
384,2020,3301801,engenheiro paulo de frontin,,,,,"-22.5436846647,-43.679476829",14138
385,2014,3301876,iguaba grande,,,,,"-22.8390569837,-42.2221245423",29344
386,2015,3301876,iguaba grande,,,,,"-22.8390569837,-42.2221245423",29344
387,2016,3301876,iguaba grande,,,,,"-22.8390569837,-42.2221245423",29344
388,2017,3301876,iguaba grande,,,,,"-22.8390569837,-42.2221245423",29344
389,2018,3301876,iguaba grande,,,,,"-22.8390569837,-42.2221245423",29344
390,2019,3301876,iguaba grande,,,,,"-22.8390569837,-42.2221245423",29344
391,2020,3301876,iguaba grande,,,,,"-22.8390569837,-42.2221245423",29344
392,2014,3302056,italva,,,,,"-21.425103278,-41.6909647605",15387
393,2015,3302056,italva,,,,,"-21.425103278,-41.6909647605",15387
394,2016,3302056,italva,,,,,"-21.425103278,-41.6909647605",15387
395,2017,3302056,italva,,,,,"-21.425103278,-41.6909647605",15387
396,2018,3302056,italva,,,,,"-21.425103278,-41.6909647605",15387
397,2019,3302056,italva,,,,,"-21.425103278,-41.6909647605",15387
398,2020,3302056,italva,,,,,"-21.425103278,-41.6909647605",15387
399,2014,3302106,itaocara,,,,,"-21.6705026733,-42.0777295246",23211
400,2015,3302106,itaocara,,,,,"-21.6705026733,-42.0777295246",23211
401,2016,3302106,itaocara,,,,,"-21.6705026733,-42.0777295246",23211
402,2017,3302106,itaocara,,,,,"-21.6705026733,-42.0777295246",23211
403,2018,3302106,itaocara,,,,,"-21.6705026733,-42.0777295246",23211
404,2019,3302106,itaocara,,,,,"-21.6705026733,-42.0777295246",23211
405,2020,3302106,itaocara,,,,,"-21.6705026733,-42.0777295246",23211
406,2014,3302254,itatiaia,,,,,"-22.4970145997,-44.5627719942",32312
407,2015,3302254,itatiaia,,,,,"-22.4970145997,-44.5627719942",32312
408,2016,3302254,itatiaia,,,,,"-22.4970145997,-44.5627719942",32312
409,2017,3302254,itatiaia,,,,,"-22.4970145997,-44.5627719942",32312
410,2018,3302254,itatiaia,,,,,"-22.4970145997,-44.5627719942",32312
411,2019,3302254,itatiaia,,,,,"-22.4970145997,-44.5627719942",32312
412,2020,3302254,itatiaia,,,,,"-22.4970145997,-44.5627719942",32312
413,2014,3302304,laje do muriae,,,,,"-21.2057208352,-42.1311744192",7298
414,2015,3302304,laje do muriae,,,,,"-21.2057208352,-42.1311744192",7298
415,2016,3302304,laje do muriae,,,,,"-21.2057208352,-42.1311744192",7298
416,2017,3302304,laje do muriae,,,,,"-21.2057208352,-42.1311744192",7298
417,2018,3302304,laje do muriae,,,,,"-21.2057208352,-42.1311744192",7298
418,2019,3302304,laje do muriae,,,,,"-21.2057208352,-42.1311744192",7298
419,2020,3302304,laje do muriae,,,,,"-21.2057208352,-42.1311744192",7298
420,2014,3302452,macuco,,,,,"-21.9902295051,-42.2570738797",5646
421,2015,3302452,macuco,,,,,"-21.9902295051,-42.2570738797",5646
422,2016,3302452,macuco,,,,,"-21.9902295051,-42.2570738797",5646
423,2017,3302452,macuco,,,,,"-21.9902295051,-42.2570738797",5646
424,2018,3302452,macuco,,,,,"-21.9902295051,-42.2570738797",5646
425,2019,3302452,macuco,,,,,"-21.9902295051,-42.2570738797",5646
426,2020,3302452,macuco,,,,,"-21.9902295051,-42.2570738797",5646
427,2014,3302601,mangaratiba,,,,,"-22.9617119412,-44.0411265454",45941
428,2015,3302601,mangaratiba,,,,,"-22.9617119412,-44.0411265454",45941
429,2016,3302601,mangaratiba,,,,,"-22.9617119412,-44.0411265454",45941
430,2017,3302601,mangaratiba,,,,,"-22.9617119412,-44.0411265454",45941
431,2018,3302601,mangaratiba,,,,,"-22.9617119412,-44.0411265454",45941
432,2019,3302601,mangaratiba,,,,,"-22.9617119412,-44.0411265454",45941
433,2020,3302601,mangaratiba,,,,,"-22.9617119412,-44.0411265454",45941
434,2014,3302809,mendes,,,,,"-22.5174226019,-43.7214868877",18681
435,2015,3302809,mendes,,,,,"-22.5174226019,-43.7214868877",18681
436,2016,3302809,mendes,,,,,"-22.5174226019,-43.7214868877",18681
437,2017,3302809,mendes,,,,,"-22.5174226019,-43.7214868877",18681
438,2018,3302809,mendes,,,,,"-22.5174226019,-43.7214868877",18681
439,2019,3302809,mendes,,,,,"-22.5174226019,-43.7214868877",18681
440,2020,3302809,mendes,,,,,"-22.5174226019,-43.7214868877",18681
441,2014,3302908,miguel pereira,,,,,"-22.4554266084,-43.4746761215",25622
442,2015,3302908,miguel pereira,,,,,"-22.4554266084,-43.4746761215",25622
443,2016,3302908,miguel pereira,,,,,"-22.4554266084,-43.4746761215",25622
444,2017,3302908,miguel pereira,,,,,"-22.4554266084,-43.4746761215",25622
445,2018,3302908,miguel pereira,,,,,"-22.4554266084,-43.4746761215",25622
446,2019,3302908,miguel pereira,,,,,"-22.4554266084,-43.4746761215",25622
447,2020,3302908,miguel pereira,,,,,"-22.4554266084,-43.4746761215",25622
448,2014,3303005,miracema,,,,,"-21.4111632992,-42.1984114072",27134
449,2015,3303005,miracema,,,,,"-21.4111632992,-42.1984114072",27134
450,2016,3303005,miracema,,,,,"-21.4111632992,-42.1984114072",27134
451,2017,3303005,miracema,,,,,"-21.4111632992,-42.1984114072",27134
452,2018,3303005,miracema,,,,,"-21.4111632992,-42.1984114072",27134
453,2019,3303005,miracema,,,,,"-21.4111632992,-42.1984114072",27134
454,2020,3303005,miracema,,,,,"-21.4111632992,-42.1984114072",27134
455,2014,3303104,natividade,,,,,"-21.043756989,-41.9764403133",15305
456,2015,3303104,natividade,,,,,"-21.043756989,-41.9764403133",15305
457,2016,3303104,natividade,,,,,"-21.043756989,-41.9764403133",15305
458,2017,3303104,natividade,,,,,"-21.043756989,-41.9764403133",15305
459,2018,3303104,natividade,,,,,"-21.043756989,-41.9764403133",15305
460,2019,3303104,natividade,,,,,"-21.043756989,-41.9764403133",15305
461,2020,3303104,natividade,,,,,"-21.043756989,-41.9764403133",15305
462,2014,3303708,paraiba do sul,,,,,"-22.1619815422,-43.2895444648",44741
463,2015,3303708,paraiba do sul,,,,,"-22.1619815422,-43.2895444648",44741
464,2016,3303708,paraiba do sul,,,,,"-22.1619815422,-43.2895444648",44741
465,2017,3303708,paraiba do sul,,,,,"-22.1619815422,-43.2895444648",44741
466,2018,3303708,paraiba do sul,,,,,"-22.1619815422,-43.2895444648",44741
467,2019,3303708,paraiba do sul,,,,,"-22.1619815422,-43.2895444648",44741
468,2020,3303708,paraiba do sul,,,,,"-22.1619815422,-43.2895444648",44741
469,2014,3303807,paraty,,,,,"-23.2194136073,-44.710858502",44175
470,2015,3303807,paraty,,,,,"-23.2194136073,-44.710858502",44175
471,2016,3303807,paraty,,,,,"-23.2194136073,-44.710858502",44175
472,2017,3303807,paraty,,,,,"-23.2194136073,-44.710858502",44175
473,2018,3303807,paraty,,,,,"-23.2194136073,-44.710858502",44175
474,2019,3303807,paraty,,,,,"-23.2194136073,-44.710858502",44175
475,2020,3303807,paraty,,,,,"-23.2194136073,-44.710858502",44175
476,2014,3303856,paty do alferes,,,,,"-22.4274146332,-43.4248709167",27942
477,2015,3303856,paty do alferes,,,,,"-22.4274146332,-43.4248709167",27942
478,2016,3303856,paty do alferes,,,,,"-22.4274146332,-43.4248709167",27942
479,2017,3303856,paty do alferes,,,,,"-22.4274146332,-43.4248709167",27942
480,2018,3303856,paty do alferes,,,,,"-22.4274146332,-43.4248709167",27942
481,2019,3303856,paty do alferes,,,,,"-22.4274146332,-43.4248709167",27942
482,2020,3303856,paty do alferes,,,,,"-22.4274146332,-43.4248709167",27942
483,2014,3303955,pinheiral,,,,,"-22.5156739858,-44.000354557",25563
484,2015,3303955,pinheiral,,,,,"-22.5156739858,-44.000354557",25563
485,2016,3303955,pinheiral,,,,,"-22.5156739858,-44.000354557",25563
486,2017,3303955,pinheiral,,,,,"-22.5156739858,-44.000354557",25563
487,2018,3303955,pinheiral,,,,,"-22.5156739858,-44.000354557",25563
488,2019,3303955,pinheiral,,,,,"-22.5156739858,-44.000354557",25563
489,2020,3303955,pinheiral,,,,,"-22.5156739858,-44.000354557",25563
490,2014,3304003,pirai,,,,,"-22.6287569098,-43.8993511858",29802
491,2015,3304003,pirai,,,,,"-22.6287569098,-43.8993511858",29802
492,2016,3304003,pirai,,,,,"-22.6287569098,-43.8993511858",29802
493,2017,3304003,pirai,,,,,"-22.6287569098,-43.8993511858",29802
494,2018,3304003,pirai,,,,,"-22.6287569098,-43.8993511858",29802
495,2019,3304003,pirai,,,,,"-22.6287569098,-43.8993511858",29802
496,2020,3304003,pirai,,,,,"-22.6287569098,-43.8993511858",29802
497,2014,3304102,porciuncula,,,,,"-20.962607627,-42.0401563585",19068
498,2015,3304102,porciuncula,,,,,"-20.962607627,-42.0401563585",19068
499,2016,3304102,porciuncula,,,,,"-20.962607627,-42.0401563585",19068
500,2017,3304102,porciuncula,,,,,"-20.962607627,-42.0401563585",19068
501,2018,3304102,porciuncula,,,,,"-20.962607627,-42.0401563585",19068
502,2019,3304102,porciuncula,,,,,"-20.962607627,-42.0401563585",19068
503,2020,3304102,porciuncula,,,,,"-20.962607627,-42.0401563585",19068
504,2014,3304110,porto real,,,,,"-22.4329484238,-44.296900735",20254
505,2015,3304110,porto real,,,,,"-22.4329484238,-44.296900735",20254
506,2016,3304110,porto real,,,,,"-22.4329484238,-44.296900735",20254
507,2017,3304110,porto real,,,,,"-22.4329484238,-44.296900735",20254
508,2018,3304110,porto real,,,,,"-22.4329484238,-44.296900735",20254
509,2019,3304110,porto real,,,,,"-22.4329484238,-44.296900735",20254
510,2020,3304110,porto real,,,,,"-22.4329484238,-44.296900735",20254
511,2014,3304128,quatis,,,,,"-22.4099186617,-44.2627113016",14562
512,2015,3304128,quatis,,,,,"-22.4099186617,-44.2627113016",14562
513,2016,3304128,quatis,,,,,"-22.4099186617,-44.2627113016",14562
514,2017,3304128,quatis,,,,,"-22.4099186617,-44.2627113016",14562
515,2018,3304128,quatis,,,,,"-22.4099186617,-44.2627113016",14562
516,2019,3304128,quatis,,,,,"-22.4099186617,-44.2627113016",14562
517,2020,3304128,quatis,,,,,"-22.4099186617,-44.2627113016",14562
518,2014,3304151,quissama,,,,,"-22.1066401655,-41.4725094001",25535
519,2015,3304151,quissama,,,,,"-22.1066401655,-41.4725094001",25535
520,2016,3304151,quissama,,,,,"-22.1066401655,-41.4725094001",25535
521,2017,3304151,quissama,,,,,"-22.1066401655,-41.4725094001",25535
522,2018,3304151,quissama,,,,,"-22.1066401655,-41.4725094001",25535
523,2019,3304151,quissama,,,,,"-22.1066401655,-41.4725094001",25535
524,2020,3304151,quissama,,,,,"-22.1066401655,-41.4725094001",25535
525,2014,3304409,rio claro,,,,,"-22.731726834,-44.1394056377",18677
526,2015,3304409,rio claro,,,,,"-22.731726834,-44.1394056377",18677
527,2016,3304409,rio claro,,,,,"-22.731726834,-44.1394056377",18677
528,2017,3304409,rio claro,,,,,"-22.731726834,-44.1394056377",18677
529,2018,3304409,rio claro,,,,,"-22.731726834,-44.1394056377",18677
530,2019,3304409,rio claro,,,,,"-22.731726834,-44.1394056377",18677
531,2020,3304409,rio claro,,,,,"-22.731726834,-44.1394056377",18677
532,2014,3304508,rio das flores,,,,,"-22.1718622438,-43.5764329481",9401
533,2015,3304508,rio das flores,,,,,"-22.1718622438,-43.5764329481",9401
534,2016,3304508,rio das flores,,,,,"-22.1718622438,-43.5764329481",9401
535,2017,3304508,rio das flores,,,,,"-22.1718622438,-43.5764329481",9401
536,2018,3304508,rio das flores,,,,,"-22.1718622438,-43.5764329481",9401
537,2019,3304508,rio das flores,,,,,"-22.1718622438,-43.5764329481",9401
538,2020,3304508,rio das flores,,,,,"-22.1718622438,-43.5764329481",9401
539,2014,3304607,santa maria madalena,,,,,"-21.9660944707,-42.0144449928",10380
540,2015,3304607,santa maria madalena,,,,,"-21.9660944707,-42.0144449928",10380
541,2016,3304607,santa maria madalena,,,,,"-21.9660944707,-42.0144449928",10380
542,2017,3304607,santa maria madalena,,,,,"-21.9660944707,-42.0144449928",10380
543,2018,3304607,santa maria madalena,,,,,"-21.9660944707,-42.0144449928",10380
544,2019,3304607,santa maria madalena,,,,,"-21.9660944707,-42.0144449928",10380
545,2020,3304607,santa maria madalena,,,,,"-21.9660944707,-42.0144449928",10380
546,2014,3304706,santo antonio de padua,,,,,"-21.5359771209,-42.1779115575",42705
547,2015,3304706,santo antonio de padua,,,,,"-21.5359771209,-42.1779115575",42705
548,2016,3304706,santo antonio de padua,,,,,"-21.5359771209,-42.1779115575",42705
549,2017,3304706,santo antonio de padua,,,,,"-21.5359771209,-42.1779115575",42705
550,2018,3304706,santo antonio de padua,,,,,"-21.5359771209,-42.1779115575",42705
551,2019,3304706,santo antonio de padua,,,,,"-21.5359771209,-42.1779115575",42705
552,2020,3304706,santo antonio de padua,,,,,"-21.5359771209,-42.1779115575",42705
553,2014,3304755,sao francisco de itabapoana,,,,,"-21.4801381323,-41.1177197286",42214
554,2015,3304755,sao francisco de itabapoana,,,,,"-21.4801381323,-41.1177197286",42214
555,2016,3304755,sao francisco de itabapoana,,,,,"-21.4801381323,-41.1177197286",42214
556,2017,3304755,sao francisco de itabapoana,,,,,"-21.4801381323,-41.1177197286",42214
557,2018,3304755,sao francisco de itabapoana,,,,,"-21.4801381323,-41.1177197286",42214
558,2019,3304755,sao francisco de itabapoana,,,,,"-21.4801381323,-41.1177197286",42214
559,2020,3304755,sao francisco de itabapoana,,,,,"-21.4801381323,-41.1177197286",42214
560,2014,3304805,sao fidelis,,,,,"-21.6436265466,-41.7555923123",38749
561,2015,3304805,sao fidelis,,,,,"-21.6436265466,-41.7555923123",38749
562,2016,3304805,sao fidelis,,,,,"-21.6436265466,-41.7555923123",38749
563,2017,3304805,sao fidelis,,,,,"-21.6436265466,-41.7555923123",38749
564,2018,3304805,sao fidelis,,,,,"-21.6436265466,-41.7555923123",38749
565,2019,3304805,sao fidelis,,,,,"-21.6436265466,-41.7555923123",38749
566,2020,3304805,sao fidelis,,,,,"-21.6436265466,-41.7555923123",38749
567,2014,3305000,sao joao da barra,,,,,"-21.6404577524,-41.0503481455",36731
568,2015,3305000,sao joao da barra,,,,,"-21.6404577524,-41.0503481455",36731
569,2016,3305000,sao joao da barra,,,,,"-21.6404577524,-41.0503481455",36731
570,2017,3305000,sao joao da barra,,,,,"-21.6404577524,-41.0503481455",36731
571,2018,3305000,sao joao da barra,,,,,"-21.6404577524,-41.0503481455",36731
572,2019,3305000,sao joao da barra,,,,,"-21.6404577524,-41.0503481455",36731
573,2020,3305000,sao joao da barra,,,,,"-21.6404577524,-41.0503481455",36731
574,2014,3305133,sao jose de uba,,,,,"-21.3602211098,-41.9412319414",7240
575,2015,3305133,sao jose de uba,,,,,"-21.3602211098,-41.9412319414",7240
576,2016,3305133,sao jose de uba,,,,,"-21.3602211098,-41.9412319414",7240
577,2017,3305133,sao jose de uba,,,,,"-21.3602211098,-41.9412319414",7240
578,2018,3305133,sao jose de uba,,,,,"-21.3602211098,-41.9412319414",7240
579,2019,3305133,sao jose de uba,,,,,"-21.3602211098,-41.9412319414",7240
580,2020,3305133,sao jose de uba,,,,,"-21.3602211098,-41.9412319414",7240
581,2014,3305158,sao jose do vale do rio preto,,,,,"-22.1497395105,-42.9233683013",22032
582,2015,3305158,sao jose do vale do rio preto,,,,,"-22.1497395105,-42.9233683013",22032
583,2016,3305158,sao jose do vale do rio preto,,,,,"-22.1497395105,-42.9233683013",22032
584,2017,3305158,sao jose do vale do rio preto,,,,,"-22.1497395105,-42.9233683013",22032
585,2018,3305158,sao jose do vale do rio preto,,,,,"-22.1497395105,-42.9233683013",22032
586,2019,3305158,sao jose do vale do rio preto,,,,,"-22.1497395105,-42.9233683013",22032
587,2020,3305158,sao jose do vale do rio preto,,,,,"-22.1497395105,-42.9233683013",22032
588,2014,3305307,sao sebastiao do alto,,,,,"-21.9544634109,-42.1302196785",9416
589,2015,3305307,sao sebastiao do alto,,,,,"-21.9544634109,-42.1302196785",9416
590,2016,3305307,sao sebastiao do alto,,,,,"-21.9544634109,-42.1302196785",9416
591,2017,3305307,sao sebastiao do alto,,,,,"-21.9544634109,-42.1302196785",9416
592,2018,3305307,sao sebastiao do alto,,,,,"-21.9544634109,-42.1302196785",9416
593,2019,3305307,sao sebastiao do alto,,,,,"-21.9544634109,-42.1302196785",9416
594,2020,3305307,sao sebastiao do alto,,,,,"-21.9544634109,-42.1302196785",9416
595,2014,3305406,sapucaia,,,,,"-21.9939558652,-42.9141753605",18270
596,2015,3305406,sapucaia,,,,,"-21.9939558652,-42.9141753605",18270
597,2016,3305406,sapucaia,,,,,"-21.9939558652,-42.9141753605",18270
598,2017,3305406,sapucaia,,,,,"-21.9939558652,-42.9141753605",18270
599,2018,3305406,sapucaia,,,,,"-21.9939558652,-42.9141753605",18270
600,2019,3305406,sapucaia,,,,,"-21.9939558652,-42.9141753605",18270
601,2020,3305406,sapucaia,,,,,"-21.9939558652,-42.9141753605",18270
602,2014,3305604,silva jardim,,,,,"-22.6543301984,-42.3898259274",21775
603,2015,3305604,silva jardim,,,,,"-22.6543301984,-42.3898259274",21775
604,2016,3305604,silva jardim,,,,,"-22.6543301984,-42.3898259274",21775
605,2017,3305604,silva jardim,,,,,"-22.6543301984,-42.3898259274",21775
606,2018,3305604,silva jardim,,,,,"-22.6543301984,-42.3898259274",21775
607,2019,3305604,silva jardim,,,,,"-22.6543301984,-42.3898259274",21775
608,2020,3305604,silva jardim,,,,,"-22.6543301984,-42.3898259274",21775
609,2014,3305703,sumidouro,,,,,"-22.0506694108,-42.6786255811",15709
610,2015,3305703,sumidouro,,,,,"-22.0506694108,-42.6786255811",15709
611,2016,3305703,sumidouro,,,,,"-22.0506694108,-42.6786255811",15709
612,2017,3305703,sumidouro,,,,,"-22.0506694108,-42.6786255811",15709
613,2018,3305703,sumidouro,,,,,"-22.0506694108,-42.6786255811",15709
614,2019,3305703,sumidouro,,,,,"-22.0506694108,-42.6786255811",15709
615,2020,3305703,sumidouro,,,,,"-22.0506694108,-42.6786255811",15709
616,2014,3305752,tangua,,,,,"-22.7339374343,-42.7211719484",34898
617,2015,3305752,tangua,,,,,"-22.7339374343,-42.7211719484",34898
618,2016,3305752,tangua,,,,,"-22.7339374343,-42.7211719484",34898
619,2017,3305752,tangua,,,,,"-22.7339374343,-42.7211719484",34898
620,2018,3305752,tangua,,,,,"-22.7339374343,-42.7211719484",34898
621,2019,3305752,tangua,,,,,"-22.7339374343,-42.7211719484",34898
622,2020,3305752,tangua,,,,,"-22.7339374343,-42.7211719484",34898
623,2014,3305901,trajano de moraes,,,,,"-22.0613797048,-42.0548152486",10653
624,2015,3305901,trajano de moraes,,,,,"-22.0613797048,-42.0548152486",10653
625,2016,3305901,trajano de moraes,,,,,"-22.0613797048,-42.0548152486",10653
626,2017,3305901,trajano de moraes,,,,,"-22.0613797048,-42.0548152486",10653
627,2018,3305901,trajano de moraes,,,,,"-22.0613797048,-42.0548152486",10653
628,2019,3305901,trajano de moraes,,,,,"-22.0613797048,-42.0548152486",10653
629,2020,3305901,trajano de moraes,,,,,"-22.0613797048,-42.0548152486",10653
630,2014,3306156,varre-sai,,,,,"-20.9292976639,-41.8632953883",11208
631,2015,3306156,varre-sai,,,,,"-20.9292976639,-41.8632953883",11208
632,2016,3306156,varre-sai,,,,,"-20.9292976639,-41.8632953883",11208
633,2017,3306156,varre-sai,,,,,"-20.9292976639,-41.8632953883",11208
634,2018,3306156,varre-sai,,,,,"-20.9292976639,-41.8632953883",11208
635,2019,3306156,varre-sai,,,,,"-20.9292976639,-41.8632953883",11208
636,2020,3306156,varre-sai,,,,,"-20.9292976639,-41.8632953883",11208
637,2014,3306206,vassouras,,,,,"-22.409007573,-43.6638740245",37262
638,2015,3306206,vassouras,,,,,"-22.409007573,-43.6638740245",37262
639,2016,3306206,vassouras,,,,,"-22.409007573,-43.6638740245",37262
640,2017,3306206,vassouras,,,,,"-22.409007573,-43.6638740245",37262
641,2018,3306206,vassouras,,,,,"-22.409007573,-43.6638740245",37262
642,2019,3306206,vassouras,,,,,"-22.409007573,-43.6638740245",37262
643,2020,3306206,vassouras,,,,,"-22.409007573,-43.6638740245",37262
